path,width,height,boundingBoxes_height,boundingBoxes_width,boundingBoxes_x,boundingBoxes_y,label
fathomnet_data\Acanthascinae\images\Acanthascinae_0.jpg,640,366,52,37,414,94,Acanthascinae
fathomnet_data\Acanthascinae\images\Acanthascinae_1.jpg,640,366,23,23,616,302,Acanthascinae
fathomnet_data\Acanthascinae\images\Acanthascinae_2.jpg,720,368,15,26,267,104,Acanthascinae
fathomnet_data\Acanthascinae\images\Acanthascinae_3.jpg,720,368,58,75,208,216,Acanthascinae
fathomnet_data\Acanthascinae\images\Acanthascinae_4.jpg,720,368,61,42,107,129,Acanthascinae
fathomnet_data\Acanthascinae\images\Acanthascinae_5.jpg,720,368,133,140,302,4,Acanthascinae
fathomnet_data\Acanthascinae\images\Acanthascinae_6.jpg,720,486,55,60,217,161,Acanthascinae
fathomnet_data\Acanthascinae\images\Acanthascinae_7.jpg,720,366,233,290,218,109,Acanthascinae
fathomnet_data\Acanthascinae\images\Acanthascinae_8.jpg,1920,1080,40,47,1327,19,Acanthascinae
fathomnet_data\Acanthascinae\images\Acanthascinae_9.jpg,1920,1080,66,47,1146,2,Acanthascinae
fathomnet_data\Acanthascinae\images\Acanthascinae_10.jpg,1920,1080,58,70,454,290,Acanthascinae
fathomnet_data\Acanthascinae\images\Acanthascinae_11.jpg,720,486,20,24,310,195,Acanthascinae
fathomnet_data\Acanthascinae\images\Acanthascinae_12.jpg,720,486,23,23,424,392,Acanthascinae
fathomnet_data\Acanthascinae\images\Acanthascinae_13.jpg,720,486,33,24,598,79,Acanthascinae
fathomnet_data\Acanthascinae\images\Acanthascinae_14.jpg,720,486,26,24,212,125,Acanthascinae
fathomnet_data\Acanthascinae\images\Acanthascinae_15.jpg,720,486,33,40,0,392,Acanthascinae
fathomnet_data\Acanthascinae\images\Acanthascinae_16.jpg,720,486,33,39,456,95,Acanthascinae
fathomnet_data\Acanthascinae\images\Acanthascinae_17.jpg,720,486,22,22,228,208,Acanthascinae
fathomnet_data\Acanthascinae\images\Acanthascinae_18.jpg,720,486,15,27,343,160,Acanthascinae
fathomnet_data\Acanthascinae\images\Acanthascinae_19.jpg,720,486,23,29,369,404,Acanthascinae
fathomnet_data\Acanthascinae\images\Acanthascinae_20.jpg,720,486,17,19,353,267,Acanthascinae
fathomnet_data\Acanthascinae\images\Acanthascinae_21.jpg,720,486,13,15,494,199,Acanthascinae
fathomnet_data\Acanthascinae\images\Acanthascinae_22.jpg,1920,1080,319,211,989,129,Acanthascinae
fathomnet_data\Acanthascinae\images\Acanthascinae_23.jpg,1920,1080,40,46,1324,33,Acanthascinae
fathomnet_data\Acanthascinae\images\Acanthascinae_24.jpg,1920,1080,415,175,358,285,Acanthascinae
fathomnet_data\Acanthascinae\images\Acanthascinae_25.jpg,1920,1080,36,37,648,513,Acanthascinae
fathomnet_data\Acanthascinae\images\Acanthascinae_26.jpg,1920,1080,70,56,1327,264,Acanthascinae
fathomnet_data\Acanthascinae\images\Acanthascinae_27.jpg,1920,1080,547,170,1314,523,Acanthascinae
fathomnet_data\Acanthascinae\images\Acanthascinae_28.jpg,1920,1080,47,56,1569,489,Acanthascinae
fathomnet_data\Acanthascinae\images\Acanthascinae_29.jpg,1920,1080,41,38,732,1011,Acanthascinae
fathomnet_data\Acanthascinae\images\Acanthascinae_30.jpg,1920,1080,47,78,135,186,Acanthascinae
fathomnet_data\Acanthascinae\images\Acanthascinae_31.jpg,1920,1080,47,54,985,783,Acanthascinae
fathomnet_data\Acanthascinae\images\Acanthascinae_32.jpg,1920,1080,35,40,999,783,Acanthascinae
fathomnet_data\Acanthascinae\images\Acanthascinae_33.jpg,1920,1080,90,110,247,195,Acanthascinae
fathomnet_data\Acanthascinae\images\Acanthascinae_34.jpg,1920,1080,60,79,1131,214,Acanthascinae
fathomnet_data\Acanthascinae\images\Acanthascinae_35.jpg,1920,1080,74,51,1869,351,Acanthascinae
fathomnet_data\Acanthascinae\images\Acanthascinae_36.jpg,1920,1080,61,96,847,1019,Acanthascinae
fathomnet_data\Acanthascinae\images\Acanthascinae_37.jpg,1920,1080,150,102,141,389,Acanthascinae
fathomnet_data\Acanthascinae\images\Acanthascinae_38.jpg,1920,1080,264,246,1408,270,Acanthascinae
fathomnet_data\Acanthascinae\images\Acanthascinae_39.jpg,1920,1080,287,243,1054,272,Acanthascinae
fathomnet_data\Acanthascinae\images\Acanthascinae_40.jpg,1920,1080,53,50,1185,960,Acanthascinae
fathomnet_data\Acanthascinae\images\Acanthascinae_41.jpg,1920,1080,50,51,1560,126,Acanthascinae
fathomnet_data\Acanthascinae\images\Acanthascinae_42.jpg,1920,1080,44,51,413,535,Acanthascinae
fathomnet_data\Acanthascinae\images\Acanthascinae_43.jpg,1920,1080,199,171,1370,623,Acanthascinae
fathomnet_data\Acanthascinae\images\Acanthascinae_44.jpg,1920,1080,227,356,9,712,Acanthascinae
fathomnet_data\Acanthascinae\images\Acanthascinae_45.jpg,1920,1080,240,168,1740,195,Acanthascinae
fathomnet_data\Acanthascinae\images\Acanthascinae_46.jpg,1920,1080,337,145,1720,128,Acanthascinae
fathomnet_data\Acanthascinae\images\Acanthascinae_47.jpg,1920,1080,237,145,570,447,Acanthascinae
fathomnet_data\Acanthascinae\images\Acanthascinae_48.jpg,1920,1080,49,56,528,273,Acanthascinae
fathomnet_data\Acanthascinae\images\Acanthascinae_49.jpg,1920,1080,167,124,964,494,Acanthascinae
fathomnet_data\Acanthascinae\images\Acanthascinae_50.jpg,1920,1080,141,132,291,512,Acanthascinae
fathomnet_data\Acanthascinae\images\Acanthascinae_51.jpg,1920,1080,56,69,1101,636,Acanthascinae
fathomnet_data\Acanthascinae\images\Acanthascinae_52.jpg,1920,1080,72,73,1009,464,Acanthascinae
fathomnet_data\Acanthascinae\images\Acanthascinae_53.jpg,1920,1080,210,185,732,507,Acanthascinae
fathomnet_data\Acanthascinae\images\Acanthascinae_54.jpg,1920,1080,81,64,895,598,Acanthascinae
fathomnet_data\Acanthascinae\images\Acanthascinae_55.jpg,1920,1080,85,98,1373,848,Acanthascinae
fathomnet_data\Acanthascinae\images\Acanthascinae_56.jpg,1920,1080,33,30,631,904,Acanthascinae
fathomnet_data\Acanthascinae\images\Acanthascinae_57.jpg,1920,1080,1055,1323,100,2,Acanthascinae
fathomnet_data\Acanthascinae\images\Acanthascinae_58.jpg,1920,1080,104,49,1057,858,Acanthascinae
fathomnet_data\Acanthascinae\images\Acanthascinae_59.jpg,1920,1080,260,162,691,610,Acanthascinae
fathomnet_data\Acanthascinae\images\Acanthascinae_60.jpg,1920,1080,48,37,1108,343,Acanthascinae
fathomnet_data\Acanthascinae\images\Acanthascinae_61.jpg,1920,1080,64,65,142,421,Acanthascinae
fathomnet_data\Acanthascinae\images\Acanthascinae_62.jpg,1920,1080,206,98,1235,201,Acanthascinae
fathomnet_data\Acanthascinae\images\Acanthascinae_63.jpg,1920,1080,53,68,125,333,Acanthascinae
fathomnet_data\Acanthascinae\images\Acanthascinae_64.jpg,1920,1080,54,91,1022,427,Acanthascinae
fathomnet_data\Acanthascinae\images\Acanthascinae_65.jpg,1920,1080,130,143,1055,416,Acanthascinae
fathomnet_data\Acanthascinae\images\Acanthascinae_66.jpg,1920,1080,34,38,861,198,Acanthascinae
fathomnet_data\Acanthascinae\images\Acanthascinae_67.jpg,1920,1080,193,120,1800,109,Acanthascinae
fathomnet_data\Acanthascinae\images\Acanthascinae_68.jpg,1920,1080,42,47,1097,361,Acanthascinae
fathomnet_data\Acanthascinae\images\Acanthascinae_69.jpg,1920,1080,146,207,1444,933,Acanthascinae
fathomnet_data\Acanthascinae\images\Acanthascinae_70.jpg,1920,1080,42,59,1413,895,Acanthascinae
fathomnet_data\Acanthascinae\images\Acanthascinae_71.jpg,1920,1080,40,60,1234,651,Acanthascinae
fathomnet_data\Acanthascinae\images\Acanthascinae_72.jpg,1920,1080,84,130,131,983,Acanthascinae
fathomnet_data\Acanthascinae\images\Acanthascinae_73.jpg,1920,1080,18,25,1193,557,Acanthascinae
fathomnet_data\Acanthascinae\images\Acanthascinae_74.jpg,1920,1080,47,55,1128,841,Acanthascinae
fathomnet_data\Acanthascinae\images\Acanthascinae_75.jpg,1920,1080,95,89,1326,286,Acanthascinae
fathomnet_data\Acanthascinae\images\Acanthascinae_76.jpg,1920,1080,80,78,1241,808,Acanthascinae
fathomnet_data\Acanthascinae\images\Acanthascinae_77.jpg,1920,1080,95,105,568,765,Acanthascinae
fathomnet_data\Acanthascinae\images\Acanthascinae_78.jpg,1920,1080,111,78,615,432,Acanthascinae
fathomnet_data\Acanthascinae\images\Acanthascinae_79.jpg,1920,1080,127,132,387,70,Acanthascinae
fathomnet_data\Acanthascinae\images\Acanthascinae_80.jpg,1920,1080,189,67,0,667,Acanthascinae
fathomnet_data\Acanthascinae\images\Acanthascinae_81.jpg,1920,1080,90,165,701,39,Acanthascinae
fathomnet_data\Acanthascinae\images\Acanthascinae_82.jpg,1920,1080,52,59,1318,858,Acanthascinae
fathomnet_data\Acanthascinae\images\Acanthascinae_83.jpg,1920,1080,46,62,1129,857,Acanthascinae
fathomnet_data\Acanthascinae\images\Acanthascinae_84.jpg,1920,1080,39,48,1311,139,Acanthascinae
fathomnet_data\Acanthascinae\images\Acanthascinae_85.jpg,1920,1080,100,93,469,370,Acanthascinae
fathomnet_data\Acanthascinae\images\Acanthascinae_86.jpg,1920,1080,89,72,998,47,Acanthascinae
fathomnet_data\Acanthascinae\images\Acanthascinae_87.jpg,1920,1080,151,110,892,816,Acanthascinae
fathomnet_data\Acanthascinae\images\Acanthascinae_88.jpg,1920,1080,154,112,1284,182,Acanthascinae
fathomnet_data\Acanthascinae\images\Acanthascinae_89.jpg,1920,1080,102,52,1151,236,Acanthascinae
fathomnet_data\Acanthascinae\images\Acanthascinae_90.jpg,1920,1080,70,92,363,549,Acanthascinae
fathomnet_data\Acanthascinae\images\Acanthascinae_91.jpg,1920,1080,105,65,366,45,Acanthascinae
fathomnet_data\Acanthascinae\images\Acanthascinae_92.jpg,1920,1080,161,156,419,285,Acanthascinae
fathomnet_data\Acanthascinae\images\Acanthascinae_93.jpg,1920,1080,90,81,1045,683,Acanthascinae
fathomnet_data\Acanthascinae\images\Acanthascinae_94.jpg,1920,1080,228,213,1208,2,Acanthascinae
fathomnet_data\Acanthascinae\images\Acanthascinae_95.jpg,1920,1080,43,34,1143,909,Acanthascinae
fathomnet_data\Acanthascinae\images\Acanthascinae_96.jpg,1920,1080,59,55,627,500,Acanthascinae
fathomnet_data\Acanthascinae\images\Acanthascinae_97.jpg,1920,1080,45,45,1486,329,Acanthascinae
fathomnet_data\Acanthascinae\images\Acanthascinae_98.jpg,1920,1080,117,72,1602,778,Acanthascinae
fathomnet_data\Acanthascinae\images\Acanthascinae_99.jpg,1920,1080,60,48,1166,378,Acanthascinae
fathomnet_data\Acanthascinae\images\Acanthascinae_100.jpg,1920,1080,65,43,896,308,Acanthascinae
fathomnet_data\Acanthascinae\images\Acanthascinae_101.jpg,1920,1080,46,80,490,672,Acanthascinae
fathomnet_data\Acanthascinae\images\Acanthascinae_102.jpg,1920,1080,39,40,1472,33,Acanthascinae
fathomnet_data\Acanthascinae\images\Acanthascinae_103.jpg,1920,1080,190,172,698,583,Acanthascinae
fathomnet_data\Acanthascinae\images\Acanthascinae_104.jpg,1920,1080,81,95,489,104,Acanthascinae
fathomnet_data\Acanthascinae\images\Acanthascinae_105.jpg,1920,1080,78,133,80,532,Acanthascinae
fathomnet_data\Acanthascinae\images\Acanthascinae_106.jpg,1920,1080,44,49,784,1024,Acanthascinae
fathomnet_data\Acanthascinae\images\Acanthascinae_107.jpg,1920,1080,51,61,548,469,Acanthascinae
fathomnet_data\Acanthascinae\images\Acanthascinae_108.jpg,1920,1080,120,115,1119,757,Acanthascinae
fathomnet_data\Acanthascinae\images\Acanthascinae_109.jpg,1920,1080,89,86,1529,24,Acanthascinae
fathomnet_data\Acanthascinae\images\Acanthascinae_110.jpg,1920,1080,76,106,1485,605,Acanthascinae
fathomnet_data\Acanthascinae\images\Acanthascinae_111.jpg,1920,1080,597,262,1075,0,Acanthascinae
fathomnet_data\Acanthascinae\images\Acanthascinae_112.jpg,1920,1080,46,59,1761,479,Acanthascinae
fathomnet_data\Acanthascinae\images\Acanthascinae_113.jpg,1920,1080,109,75,775,921,Acanthascinae
fathomnet_data\Acanthascinae\images\Acanthascinae_114.jpg,1920,1080,75,92,495,570,Acanthascinae
fathomnet_data\Acanthascinae\images\Acanthascinae_115.jpg,1920,1080,125,129,5,521,Acanthascinae
fathomnet_data\Acanthascinae\images\Acanthascinae_116.jpg,1920,1080,130,159,1622,702,Acanthascinae
fathomnet_data\Acanthascinae\images\Acanthascinae_117.jpg,1920,1080,97,54,1276,244,Acanthascinae
fathomnet_data\Acanthascinae\images\Acanthascinae_118.jpg,1920,1080,93,114,1267,274,Acanthascinae
fathomnet_data\Acanthascinae\images\Acanthascinae_119.jpg,1920,1080,211,215,1534,368,Acanthascinae
fathomnet_data\Acanthascinae\images\Acanthascinae_120.jpg,1920,1080,63,62,593,456,Acanthascinae
fathomnet_data\Acanthascinae\images\Acanthascinae_121.jpg,1920,1080,282,153,1244,444,Acanthascinae
fathomnet_data\Acanthascinae\images\Acanthascinae_122.jpg,1920,1080,84,59,804,581,Acanthascinae
fathomnet_data\Acanthascinae\images\Acanthascinae_123.jpg,1920,1080,45,45,1301,521,Acanthascinae
fathomnet_data\Acanthascinae\images\Acanthascinae_124.jpg,1920,1080,91,92,698,800,Acanthascinae
fathomnet_data\Acanthascinae\images\Acanthascinae_125.jpg,1920,1080,231,56,0,841,Acanthascinae
fathomnet_data\Acanthascinae\images\Acanthascinae_126.jpg,1920,1080,92,87,54,216,Acanthascinae
fathomnet_data\Acanthascinae\images\Acanthascinae_127.jpg,1920,1080,45,61,995,511,Acanthascinae
fathomnet_data\Acanthascinae\images\Acanthascinae_128.jpg,1920,1080,49,60,363,992,Acanthascinae
fathomnet_data\Acanthascinae\images\Acanthascinae_129.jpg,1920,1080,67,84,1305,909,Acanthascinae
fathomnet_data\Acanthascinae\images\Acanthascinae_130.jpg,1920,1080,179,74,1004,337,Acanthascinae
fathomnet_data\Acanthascinae\images\Acanthascinae_131.jpg,1920,1080,192,121,863,712,Acanthascinae
fathomnet_data\Acanthascinae\images\Acanthascinae_132.jpg,1920,1080,430,732,0,165,Acanthascinae
fathomnet_data\Acanthascinae\images\Acanthascinae_133.jpg,1920,1080,114,89,1430,831,Acanthascinae
fathomnet_data\Acanthascinae\images\Acanthascinae_134.jpg,1920,1080,108,133,1179,304,Acanthascinae
fathomnet_data\Acanthascinae\images\Acanthascinae_135.jpg,1920,1080,62,58,575,1016,Acanthascinae
fathomnet_data\Acanthascinae\images\Acanthascinae_136.jpg,1920,1080,47,44,986,24,Acanthascinae
fathomnet_data\Acanthascinae\images\Acanthascinae_137.jpg,1920,1080,48,49,763,814,Acanthascinae
fathomnet_data\Acanthascinae\images\Acanthascinae_138.jpg,1920,1080,77,78,1539,334,Acanthascinae
fathomnet_data\Acanthascinae\images\Acanthascinae_139.jpg,1920,1080,127,106,472,886,Acanthascinae
fathomnet_data\Acanthascinae\images\Acanthascinae_140.jpg,1920,1080,95,57,0,980,Acanthascinae
fathomnet_data\Acanthascinae\images\Acanthascinae_141.jpg,1920,1080,123,173,408,956,Acanthascinae
fathomnet_data\Acanthascinae\images\Acanthascinae_142.jpg,1920,1080,161,297,436,394,Acanthascinae
fathomnet_data\Acanthascinae\images\Acanthascinae_143.jpg,1920,1080,128,225,1177,809,Acanthascinae
fathomnet_data\Acanthascinae\images\Acanthascinae_144.jpg,1920,1080,126,123,426,449,Acanthascinae
fathomnet_data\Acanthascinae\images\Acanthascinae_145.jpg,1920,1080,146,105,762,377,Acanthascinae
fathomnet_data\Acanthascinae\images\Acanthascinae_146.jpg,1920,1080,72,87,287,601,Acanthascinae
fathomnet_data\Acanthascinae\images\Acanthascinae_147.jpg,1920,1080,43,45,1515,341,Acanthascinae
fathomnet_data\Acanthascinae\images\Acanthascinae_148.jpg,1920,1080,130,134,1412,89,Acanthascinae
fathomnet_data\Acanthascinae\images\Acanthascinae_149.jpg,1920,1080,159,192,325,628,Acanthascinae
fathomnet_data\Acanthascinae\images\Acanthascinae_150.jpg,1920,1080,44,77,929,456,Acanthascinae
fathomnet_data\Acanthascinae\images\Acanthascinae_151.jpg,1920,1080,52,64,1820,31,Acanthascinae
fathomnet_data\Acanthascinae\images\Acanthascinae_152.jpg,1920,1080,62,56,924,830,Acanthascinae
fathomnet_data\Acanthascinae\images\Acanthascinae_153.jpg,1920,1080,101,58,1158,390,Acanthascinae
fathomnet_data\Acanthascinae\images\Acanthascinae_154.jpg,1920,1080,135,85,673,519,Acanthascinae
fathomnet_data\Acanthascinae\images\Acanthascinae_155.jpg,1920,1080,128,122,1597,246,Acanthascinae
fathomnet_data\Acanthascinae\images\Acanthascinae_156.jpg,1920,1080,54,72,1070,128,Acanthascinae
fathomnet_data\Acanthascinae\images\Acanthascinae_157.jpg,1920,1080,34,38,989,867,Acanthascinae
fathomnet_data\Acanthascinae\images\Acanthascinae_158.jpg,1920,1080,164,150,843,295,Acanthascinae
fathomnet_data\Acanthascinae\images\Acanthascinae_159.jpg,1920,1080,113,92,0,6,Acanthascinae
fathomnet_data\Acanthascinae\images\Acanthascinae_160.jpg,1920,1080,137,157,225,448,Acanthascinae
fathomnet_data\Acanthascinae\images\Acanthascinae_161.jpg,1920,1080,123,107,1022,468,Acanthascinae
fathomnet_data\Acanthascinae\images\Acanthascinae_162.jpg,1920,1080,40,45,1591,556,Acanthascinae
fathomnet_data\Acanthascinae\images\Acanthascinae_163.jpg,1920,1080,37,37,994,608,Acanthascinae
fathomnet_data\Acanthascinae\images\Acanthascinae_164.jpg,1920,1080,63,76,1121,1014,Acanthascinae
fathomnet_data\Acanthascinae\images\Acanthascinae_165.jpg,1920,1080,44,44,505,682,Acanthascinae
fathomnet_data\Acanthascinae\images\Acanthascinae_166.jpg,1920,1080,63,63,1621,994,Acanthascinae
fathomnet_data\Acanthascinae\images\Acanthascinae_167.jpg,1920,1080,95,71,1215,543,Acanthascinae
fathomnet_data\Acanthascinae\images\Acanthascinae_168.jpg,1920,1080,68,59,1326,744,Acanthascinae
fathomnet_data\Acanthascinae\images\Acanthascinae_169.jpg,1920,1080,102,63,1370,337,Acanthascinae
fathomnet_data\Acanthascinae\images\Acanthascinae_170.jpg,1920,1080,89,89,1224,408,Acanthascinae
fathomnet_data\Acanthascinae\images\Acanthascinae_171.jpg,1920,1080,85,117,561,22,Acanthascinae
fathomnet_data\Acanthascinae\images\Acanthascinae_172.jpg,1920,1080,82,108,619,27,Acanthascinae
fathomnet_data\Acanthascinae\images\Acanthascinae_173.jpg,1920,1080,71,128,1606,257,Acanthascinae
fathomnet_data\Acanthascinae\images\Acanthascinae_174.jpg,1920,1080,228,480,218,6,Acanthascinae
fathomnet_data\Acanthascinae\images\Acanthascinae_175.jpg,1920,1080,50,60,151,598,Acanthascinae
fathomnet_data\Acanthascinae\images\Acanthascinae_176.jpg,1920,1080,69,103,283,976,Acanthascinae
fathomnet_data\Acanthascinae\images\Acanthascinae_177.jpg,1920,1080,80,69,0,693,Acanthascinae
fathomnet_data\Acanthascinae\images\Acanthascinae_178.jpg,1920,1080,959,288,776,54,Acanthascinae
fathomnet_data\Acanthascinae\images\Acanthascinae_179.jpg,1920,1080,78,78,707,834,Acanthascinae
fathomnet_data\Acanthascinae\images\Acanthascinae_180.jpg,1920,1080,47,125,209,202,Acanthascinae
fathomnet_data\Acanthascinae\images\Acanthascinae_181.jpg,1920,1080,64,112,1080,382,Acanthascinae
fathomnet_data\Acanthascinae\images\Acanthascinae_182.jpg,1920,1080,413,295,627,310,Acanthascinae
fathomnet_data\Acanthascinae\images\Acanthascinae_183.jpg,1920,1080,76,127,989,485,Acanthascinae
fathomnet_data\Acanthascinae\images\Acanthascinae_184.jpg,1920,1080,64,114,1205,404,Acanthascinae
fathomnet_data\Acanthascinae\images\Acanthascinae_185.jpg,1920,1080,103,69,1850,973,Acanthascinae
fathomnet_data\Acanthascinae\images\Acanthascinae_186.jpg,1920,1080,151,79,1841,149,Acanthascinae
fathomnet_data\Acanthascinae\images\Acanthascinae_187.jpg,1920,1080,38,42,1164,427,Acanthascinae
fathomnet_data\Acanthascinae\images\Acanthascinae_188.jpg,1920,1080,44,45,676,166,Acanthascinae
fathomnet_data\Acanthascinae\images\Acanthascinae_189.jpg,1920,1080,87,103,1043,674,Acanthascinae
fathomnet_data\Acanthascinae\images\Acanthascinae_190.jpg,1920,1080,175,149,853,694,Acanthascinae
fathomnet_data\Acanthascinae\images\Acanthascinae_191.jpg,1920,1080,70,107,214,274,Acanthascinae
fathomnet_data\Acanthascinae\images\Acanthascinae_192.jpg,1920,1080,64,70,642,724,Acanthascinae
fathomnet_data\Acanthascinae\images\Acanthascinae_193.jpg,1920,1080,63,49,255,731,Acanthascinae
fathomnet_data\Acanthascinae\images\Acanthascinae_194.jpg,1920,1080,261,219,877,571,Acanthascinae
fathomnet_data\Acanthascinae\images\Acanthascinae_195.jpg,1920,1080,166,106,918,643,Acanthascinae
fathomnet_data\Acanthascinae\images\Acanthascinae_196.jpg,1920,1080,44,70,823,373,Acanthascinae
fathomnet_data\Acanthascinae\images\Acanthascinae_197.jpg,1920,1080,33,36,378,522,Acanthascinae
fathomnet_data\Acanthascinae\images\Acanthascinae_198.jpg,1920,1080,51,51,1095,707,Acanthascinae
fathomnet_data\Acanthascinae\images\Acanthascinae_199.jpg,1920,1080,59,55,465,1011,Acanthascinae
fathomnet_data\Bathochordaeus\images\Bathochordaeus_0.jpg,1920,1080,493,421,816,519,Bathochordaeus
fathomnet_data\Bathochordaeus\images\Bathochordaeus_1.jpg,1920,1080,509,365,470,186,Bathochordaeus
fathomnet_data\Bathochordaeus\images\Bathochordaeus_2.jpg,1920,1080,198,248,750,479,Bathochordaeus
fathomnet_data\Bathochordaeus\images\Bathochordaeus_3.jpg,1920,1080,31,95,925,533,Bathochordaeus
fathomnet_data\Bathochordaeus\images\Bathochordaeus_4.jpg,1920,1080,323,360,737,265,Bathochordaeus
fathomnet_data\Bathochordaeus\images\Bathochordaeus_5.jpg,1920,1080,140,157,555,861,Bathochordaeus
fathomnet_data\Bathochordaeus\images\Bathochordaeus_6.jpg,1920,1080,174,224,659,423,Bathochordaeus
fathomnet_data\Bathochordaeus\images\Bathochordaeus_7.jpg,1920,1080,289,202,967,579,Bathochordaeus
fathomnet_data\Bathochordaeus\images\Bathochordaeus_8.jpg,1920,1080,35,35,374,410,Bathochordaeus
fathomnet_data\Bathochordaeus\images\Bathochordaeus_9.jpg,1920,1080,186,81,633,303,Bathochordaeus
fathomnet_data\Bathochordaeus\images\Bathochordaeus_10.jpg,1920,1080,70,75,1132,563,Bathochordaeus
fathomnet_data\Bathochordaeus\images\Bathochordaeus_11.jpg,1920,1080,371,264,1004,303,Bathochordaeus
fathomnet_data\Bathochordaeus\images\Bathochordaeus_12.jpg,1920,1080,589,498,296,172,Bathochordaeus
fathomnet_data\Bathochordaeus\images\Bathochordaeus_13.jpg,1920,1080,185,229,927,429,Bathochordaeus
fathomnet_data\Bathochordaeus\images\Bathochordaeus_14.jpg,1920,1080,453,677,601,294,Bathochordaeus
fathomnet_data\Bathochordaeus\images\Bathochordaeus_15.jpg,1920,1080,212,283,677,382,Bathochordaeus
fathomnet_data\Bathochordaeus\images\Bathochordaeus_16.jpg,1920,1080,118,107,694,325,Bathochordaeus
fathomnet_data\Bathochordaeus\images\Bathochordaeus_17.jpg,1920,1080,45,59,658,577,Bathochordaeus
fathomnet_data\Bathochordaeus\images\Bathochordaeus_18.jpg,1920,1080,83,52,934,733,Bathochordaeus
fathomnet_data\Bathochordaeus\images\Bathochordaeus_19.jpg,1920,1080,428,382,612,371,Bathochordaeus
fathomnet_data\Bathochordaeus\images\Bathochordaeus_20.jpg,1920,1080,127,98,1103,196,Bathochordaeus
fathomnet_data\Bathochordaeus\images\Bathochordaeus_21.jpg,1920,1080,82,80,441,236,Bathochordaeus
fathomnet_data\Bathochordaeus\images\Bathochordaeus_22.jpg,1920,1080,557,490,147,447,Bathochordaeus
fathomnet_data\Bathochordaeus\images\Bathochordaeus_23.jpg,1920,1080,59,77,1086,687,Bathochordaeus
fathomnet_data\Bathochordaeus\images\Bathochordaeus_24.jpg,1920,1080,55,79,915,988,Bathochordaeus
fathomnet_data\Bathochordaeus\images\Bathochordaeus_25.jpg,1920,1080,30,25,382,396,Bathochordaeus
fathomnet_data\Bathochordaeus\images\Bathochordaeus_26.jpg,1920,1080,161,169,967,417,Bathochordaeus
fathomnet_data\Bathochordaeus\images\Bathochordaeus_27.jpg,1920,1080,75,65,958,706,Bathochordaeus
fathomnet_data\Bathochordaeus\images\Bathochordaeus_28.jpg,1920,1080,166,167,1364,228,Bathochordaeus
fathomnet_data\Bathochordaeus\images\Bathochordaeus_29.jpg,1920,1080,172,77,1070,311,Bathochordaeus
fathomnet_data\Bathochordaeus\images\Bathochordaeus_30.jpg,1920,1080,207,91,478,599,Bathochordaeus
fathomnet_data\Bathochordaeus\images\Bathochordaeus_31.jpg,1920,1080,211,230,909,332,Bathochordaeus
fathomnet_data\Bathochordaeus\images\Bathochordaeus_32.jpg,1920,1080,88,111,598,506,Bathochordaeus
fathomnet_data\Bathochordaeus\images\Bathochordaeus_33.jpg,1920,1080,66,83,1035,656,Bathochordaeus
fathomnet_data\Bathochordaeus\images\Bathochordaeus_34.jpg,1920,1080,31,27,356,859,Bathochordaeus
fathomnet_data\Bathochordaeus\images\Bathochordaeus_35.jpg,1920,1080,262,458,547,58,Bathochordaeus
fathomnet_data\Bathochordaeus\images\Bathochordaeus_36.jpg,1920,1079,81,31,1364,391,Bathochordaeus
fathomnet_data\Bathochordaeus\images\Bathochordaeus_37.jpg,1920,1080,103,74,963,479,Bathochordaeus
fathomnet_data\Bathochordaeus\images\Bathochordaeus_38.jpg,1920,1079,214,188,405,151,Bathochordaeus
fathomnet_data\Bathochordaeus\images\Bathochordaeus_39.jpg,1920,1080,644,600,1035,44,Bathochordaeus
fathomnet_data\Bathochordaeus\images\Bathochordaeus_40.jpg,1920,1080,98,119,611,609,Bathochordaeus
fathomnet_data\Bathochordaeus\images\Bathochordaeus_41.jpg,1920,1080,67,66,943,452,Bathochordaeus
fathomnet_data\Bathochordaeus\images\Bathochordaeus_42.jpg,1920,1080,201,67,980,105,Bathochordaeus
fathomnet_data\Bathochordaeus\images\Bathochordaeus_43.jpg,1920,1080,578,598,302,259,Bathochordaeus
fathomnet_data\Bathochordaeus\images\Bathochordaeus_44.jpg,1920,1080,42,39,745,267,Bathochordaeus
fathomnet_data\Bathochordaeus\images\Bathochordaeus_45.jpg,1920,1080,121,96,845,262,Bathochordaeus
fathomnet_data\Bathochordaeus\images\Bathochordaeus_46.jpg,1920,1080,453,308,994,335,Bathochordaeus
fathomnet_data\Bathochordaeus\images\Bathochordaeus_47.jpg,1920,1080,394,511,690,472,Bathochordaeus
fathomnet_data\Bathochordaeus\images\Bathochordaeus_48.jpg,1920,1080,525,387,240,185,Bathochordaeus
fathomnet_data\Bathochordaeus\images\Bathochordaeus_49.jpg,1920,1080,675,565,302,398,Bathochordaeus
fathomnet_data\Bathochordaeus\images\Bathochordaeus_50.jpg,1920,1080,192,226,761,74,Bathochordaeus
fathomnet_data\Bathochordaeus\images\Bathochordaeus_51.jpg,1920,1080,120,55,957,202,Bathochordaeus
fathomnet_data\Bathochordaeus\images\Bathochordaeus_52.jpg,1920,1080,552,485,639,298,Bathochordaeus
fathomnet_data\Bathochordaeus\images\Bathochordaeus_53.jpg,714,486,368,466,88,110,Bathochordaeus
fathomnet_data\Bathochordaeus\images\Bathochordaeus_54.jpg,1920,1080,34,32,868,412,Bathochordaeus
fathomnet_data\Bathochordaeus\images\Bathochordaeus_55.jpg,1920,1080,175,154,1514,653,Bathochordaeus
fathomnet_data\Bathochordaeus\images\Bathochordaeus_56.jpg,1920,1080,312,238,1489,252,Bathochordaeus
fathomnet_data\Bathochordaeus\images\Bathochordaeus_57.jpg,1920,1080,45,44,1101,425,Bathochordaeus
fathomnet_data\Bathochordaeus\images\Bathochordaeus_58.jpg,1920,1080,67,67,977,346,Bathochordaeus
fathomnet_data\Bathochordaeus\images\Bathochordaeus_59.jpg,1920,1080,292,249,831,310,Bathochordaeus
fathomnet_data\Bathochordaeus\images\Bathochordaeus_60.jpg,1920,1080,814,689,344,73,Bathochordaeus
fathomnet_data\Bathochordaeus\images\Bathochordaeus_61.jpg,1920,1080,139,148,584,661,Bathochordaeus
fathomnet_data\Bathochordaeus\images\Bathochordaeus_62.jpg,1920,1080,351,173,1086,484,Bathochordaeus
fathomnet_data\Bathochordaeus\images\Bathochordaeus_63.jpg,1920,1080,172,227,616,494,Bathochordaeus
fathomnet_data\Bathochordaeus\images\Bathochordaeus_64.jpg,714,486,268,226,218,32,Bathochordaeus
fathomnet_data\Bathochordaeus\images\Bathochordaeus_65.jpg,1920,1080,300,126,923,393,Bathochordaeus
fathomnet_data\Bathochordaeus\images\Bathochordaeus_66.jpg,1920,1080,686,420,348,100,Bathochordaeus
fathomnet_data\Bathochordaeus\images\Bathochordaeus_67.jpg,1920,1080,99,104,1009,88,Bathochordaeus
fathomnet_data\Bathochordaeus\images\Bathochordaeus_68.jpg,1920,1080,41,33,960,169,Bathochordaeus
fathomnet_data\Bathochordaeus\images\Bathochordaeus_69.jpg,1920,1080,51,103,815,797,Bathochordaeus
fathomnet_data\Bathochordaeus\images\Bathochordaeus_70.jpg,1920,1080,249,240,905,309,Bathochordaeus
fathomnet_data\Bathochordaeus\images\Bathochordaeus_71.jpg,1920,1080,488,421,915,294,Bathochordaeus
fathomnet_data\Bathochordaeus\images\Bathochordaeus_72.jpg,1920,1080,36,48,1475,240,Bathochordaeus
fathomnet_data\Bathochordaeus\images\Bathochordaeus_73.jpg,1920,1080,117,125,971,470,Bathochordaeus
fathomnet_data\Bathochordaeus\images\Bathochordaeus_74.jpg,1920,1080,101,92,801,859,Bathochordaeus
fathomnet_data\Bathochordaeus\images\Bathochordaeus_75.jpg,1920,1080,73,72,701,707,Bathochordaeus
fathomnet_data\Bathochordaeus\images\Bathochordaeus_76.jpg,1920,1080,185,116,1297,727,Bathochordaeus
fathomnet_data\Bathochordaeus\images\Bathochordaeus_77.jpg,1920,1080,216,180,885,301,Bathochordaeus
fathomnet_data\Bathochordaeus\images\Bathochordaeus_78.jpg,1920,1080,137,133,756,424,Bathochordaeus
fathomnet_data\Bathochordaeus\images\Bathochordaeus_79.jpg,1920,1080,385,598,246,111,Bathochordaeus
fathomnet_data\Bathochordaeus\images\Bathochordaeus_80.jpg,1920,1080,73,80,972,689,Bathochordaeus
fathomnet_data\Bathochordaeus\images\Bathochordaeus_81.jpg,1920,1080,37,32,451,494,Bathochordaeus
fathomnet_data\Bathochordaeus\images\Bathochordaeus_82.jpg,1920,1080,98,114,631,688,Bathochordaeus
fathomnet_data\Bathochordaeus\images\Bathochordaeus_83.jpg,1920,1080,140,151,1150,282,Bathochordaeus
fathomnet_data\Bathochordaeus\images\Bathochordaeus_84.jpg,1920,1080,187,155,1045,462,Bathochordaeus
fathomnet_data\Bathochordaeus\images\Bathochordaeus_85.jpg,1920,1080,360,221,563,394,Bathochordaeus
fathomnet_data\Bathochordaeus\images\Bathochordaeus_86.jpg,1920,1080,58,151,282,611,Bathochordaeus
fathomnet_data\Bathochordaeus\images\Bathochordaeus_87.jpg,1920,1080,296,257,875,209,Bathochordaeus
fathomnet_data\Bathochordaeus\images\Bathochordaeus_88.jpg,1920,1080,622,662,6,82,Bathochordaeus
fathomnet_data\Bathochordaeus\images\Bathochordaeus_89.jpg,1920,1080,313,169,724,273,Bathochordaeus
fathomnet_data\Bathochordaeus\images\Bathochordaeus_90.jpg,1920,1080,117,99,1158,656,Bathochordaeus
fathomnet_data\Bathochordaeus\images\Bathochordaeus_91.jpg,1920,1080,93,60,779,973,Bathochordaeus
fathomnet_data\Bathochordaeus\images\Bathochordaeus_92.jpg,1920,1080,193,232,510,201,Bathochordaeus
fathomnet_data\Bathochordaeus\images\Bathochordaeus_93.jpg,1920,1080,409,486,475,660,Bathochordaeus
fathomnet_data\Bathochordaeus\images\Bathochordaeus_94.jpg,1920,1080,151,127,590,308,Bathochordaeus
fathomnet_data\Bathochordaeus\images\Bathochordaeus_95.jpg,1920,1080,49,50,814,814,Bathochordaeus
fathomnet_data\Bathochordaeus\images\Bathochordaeus_96.jpg,1920,1080,249,223,895,525,Bathochordaeus
fathomnet_data\Bathochordaeus\images\Bathochordaeus_97.jpg,1920,1080,125,88,674,628,Bathochordaeus
fathomnet_data\Bathochordaeus\images\Bathochordaeus_98.jpg,1920,1080,455,485,319,449,Bathochordaeus
fathomnet_data\Bathochordaeus\images\Bathochordaeus_99.jpg,1920,1080,79,83,984,213,Bathochordaeus
fathomnet_data\Bathochordaeus\images\Bathochordaeus_100.jpg,1920,1080,194,209,932,320,Bathochordaeus
fathomnet_data\Bathochordaeus\images\Bathochordaeus_101.jpg,1920,1080,38,53,852,153,Bathochordaeus
fathomnet_data\Bathochordaeus\images\Bathochordaeus_102.jpg,1920,1080,74,34,1080,381,Bathochordaeus
fathomnet_data\Bathochordaeus\images\Bathochordaeus_103.jpg,1920,1080,235,331,801,209,Bathochordaeus
fathomnet_data\Bathochordaeus\images\Bathochordaeus_104.jpg,1920,1080,853,861,556,58,Bathochordaeus
fathomnet_data\Bathochordaeus\images\Bathochordaeus_105.jpg,1920,1080,256,236,877,338,Bathochordaeus
fathomnet_data\Bathochordaeus\images\Bathochordaeus_106.jpg,1920,1080,86,86,796,221,Bathochordaeus
fathomnet_data\Bathochordaeus\images\Bathochordaeus_107.jpg,1920,1080,223,429,631,125,Bathochordaeus
fathomnet_data\Bathochordaeus\images\Bathochordaeus_108.jpg,1920,1080,92,101,309,276,Bathochordaeus
fathomnet_data\Bathochordaeus\images\Bathochordaeus_109.jpg,1920,1080,113,61,791,263,Bathochordaeus
fathomnet_data\Bathochordaeus\images\Bathochordaeus_110.jpg,1920,1080,87,169,760,870,Bathochordaeus
fathomnet_data\Bathochordaeus\images\Bathochordaeus_111.jpg,1920,1080,203,204,880,445,Bathochordaeus
fathomnet_data\Bathochordaeus\images\Bathochordaeus_112.jpg,1920,1080,86,37,707,564,Bathochordaeus
fathomnet_data\Bathochordaeus\images\Bathochordaeus_113.jpg,710,486,67,32,210,280,Bathochordaeus
fathomnet_data\Bathochordaeus\images\Bathochordaeus_114.jpg,681,486,124,41,225,145,Bathochordaeus
fathomnet_data\Bathochordaeus\images\Bathochordaeus_115.jpg,711,486,77,48,238,195,Bathochordaeus
fathomnet_data\Bathochordaeus\images\Bathochordaeus_116.jpg,673,486,287,367,49,176,Bathochordaeus
fathomnet_data\Bathochordaeus\images\Bathochordaeus_117.jpg,711,486,58,83,221,114,Bathochordaeus
fathomnet_data\Bathochordaeus\images\Bathochordaeus_118.jpg,705,486,318,248,153,32,Bathochordaeus
fathomnet_data\Bathochordaeus\images\Bathochordaeus_119.jpg,710,486,212,278,107,95,Bathochordaeus
fathomnet_data\Bathochordaeus\images\Bathochordaeus_120.jpg,693,485,112,163,96,305,Bathochordaeus
fathomnet_data\Bathochordaeus\images\Bathochordaeus_121.jpg,708,484,249,289,167,138,Bathochordaeus
fathomnet_data\Bathochordaeus\images\Bathochordaeus_122.jpg,707,485,76,30,418,150,Bathochordaeus
fathomnet_data\Bathochordaeus\images\Bathochordaeus_123.jpg,708,485,75,25,269,298,Bathochordaeus
fathomnet_data\Bathochordaeus\images\Bathochordaeus_124.jpg,707,485,71,28,425,329,Bathochordaeus
fathomnet_data\Bathochordaeus\images\Bathochordaeus_125.jpg,712,485,280,290,242,160,Bathochordaeus
fathomnet_data\Bathochordaeus\images\Bathochordaeus_126.jpg,708,485,84,38,121,207,Bathochordaeus
fathomnet_data\Bathochordaeus\images\Bathochordaeus_127.jpg,710,485,40,21,189,108,Bathochordaeus
fathomnet_data\Bathochordaeus\images\Bathochordaeus_128.jpg,708,485,43,77,109,142,Bathochordaeus
fathomnet_data\Bathochordaeus\images\Bathochordaeus_129.jpg,707,485,72,50,585,312,Bathochordaeus
fathomnet_data\Bathochordaeus\images\Bathochordaeus_130.jpg,709,485,117,217,309,208,Bathochordaeus
fathomnet_data\Bathochordaeus\images\Bathochordaeus_131.jpg,708,485,222,129,332,95,Bathochordaeus
fathomnet_data\Bathochordaeus\images\Bathochordaeus_132.jpg,710,485,46,94,303,107,Bathochordaeus
fathomnet_data\Bathochordaeus\images\Bathochordaeus_133.jpg,710,485,85,175,257,159,Bathochordaeus
fathomnet_data\Bathochordaeus\images\Bathochordaeus_134.jpg,710,485,140,183,292,162,Bathochordaeus
fathomnet_data\Bathochordaeus\images\Bathochordaeus_135.jpg,710,485,186,98,183,258,Bathochordaeus
fathomnet_data\Bathochordaeus\images\Bathochordaeus_136.jpg,710,485,25,50,184,405,Bathochordaeus
fathomnet_data\Bathochordaeus\images\Bathochordaeus_137.jpg,710,485,49,22,282,327,Bathochordaeus
fathomnet_data\Bathochordaeus\images\Bathochordaeus_138.jpg,710,485,150,122,303,93,Bathochordaeus
fathomnet_data\Bathochordaeus\images\Bathochordaeus_139.jpg,710,485,32,13,235,261,Bathochordaeus
fathomnet_data\Bathochordaeus\images\Bathochordaeus_140.jpg,710,485,35,16,458,341,Bathochordaeus
fathomnet_data\Bathochordaeus\images\Bathochordaeus_141.jpg,710,485,32,77,375,145,Bathochordaeus
fathomnet_data\Bathochordaeus\images\Bathochordaeus_142.jpg,710,486,21,20,408,151,Bathochordaeus
fathomnet_data\Bathochordaeus\images\Bathochordaeus_143.jpg,640,366,359,631,2,0,Bathochordaeus
fathomnet_data\Bathochordaeus\images\Bathochordaeus_144.jpg,640,366,243,332,89,42,Bathochordaeus
fathomnet_data\Bathochordaeus\images\Bathochordaeus_145.jpg,640,366,98,69,195,113,Bathochordaeus
fathomnet_data\Bathochordaeus\images\Bathochordaeus_146.jpg,720,369,37,120,226,248,Bathochordaeus
fathomnet_data\Bathochordaeus\images\Bathochordaeus_147.jpg,720,369,64,112,235,68,Bathochordaeus
fathomnet_data\Bathochordaeus\images\Bathochordaeus_148.jpg,716,485,35,35,582,352,Bathochordaeus
fathomnet_data\Bathochordaeus\images\Bathochordaeus_149.jpg,720,368,41,20,498,255,Bathochordaeus
fathomnet_data\Bathochordaeus\images\Bathochordaeus_150.jpg,640,366,46,82,115,56,Bathochordaeus
fathomnet_data\Bathochordaeus\images\Bathochordaeus_151.jpg,715,486,66,44,290,207,Bathochordaeus
fathomnet_data\Bathochordaeus\images\Bathochordaeus_152.jpg,712,485,30,41,330,70,Bathochordaeus
fathomnet_data\Bathochordaeus\images\Bathochordaeus_153.jpg,714,486,175,80,208,173,Bathochordaeus
fathomnet_data\Bathochordaeus\images\Bathochordaeus_154.jpg,714,486,328,137,188,113,Bathochordaeus
fathomnet_data\Bathochordaeus\images\Bathochordaeus_155.jpg,720,366,30,15,427,32,Bathochordaeus
fathomnet_data\Bathochordaeus\images\Bathochordaeus_156.jpg,720,368,56,40,443,37,Bathochordaeus
fathomnet_data\Bathochordaeus\images\Bathochordaeus_157.jpg,720,366,45,33,42,160,Bathochordaeus
fathomnet_data\Bathochordaeus\images\Bathochordaeus_158.jpg,640,366,63,74,296,182,Bathochordaeus
fathomnet_data\Bathochordaeus\images\Bathochordaeus_159.jpg,640,366,32,27,402,160,Bathochordaeus
fathomnet_data\Bathochordaeus\images\Bathochordaeus_160.jpg,640,366,29,27,175,36,Bathochordaeus
fathomnet_data\Bathochordaeus\images\Bathochordaeus_161.jpg,640,366,57,47,259,26,Bathochordaeus
fathomnet_data\Bathochordaeus\images\Bathochordaeus_162.jpg,640,366,101,83,299,2,Bathochordaeus
fathomnet_data\Bathochordaeus\images\Bathochordaeus_163.jpg,640,366,111,85,233,67,Bathochordaeus
fathomnet_data\Bathochordaeus\images\Bathochordaeus_164.jpg,640,366,111,65,268,81,Bathochordaeus
fathomnet_data\Bathochordaeus\images\Bathochordaeus_165.jpg,640,366,114,78,263,96,Bathochordaeus
fathomnet_data\Bathochordaeus\images\Bathochordaeus_166.jpg,640,366,39,13,240,40,Bathochordaeus
fathomnet_data\Bathochordaeus\images\Bathochordaeus_167.jpg,640,366,30,24,235,127,Bathochordaeus
fathomnet_data\Bathochordaeus\images\Bathochordaeus_168.jpg,640,366,18,26,68,130,Bathochordaeus
fathomnet_data\Bathochordaeus\images\Bathochordaeus_169.jpg,640,366,103,147,119,23,Bathochordaeus
fathomnet_data\Bathochordaeus\images\Bathochordaeus_170.jpg,715,486,88,107,35,276,Bathochordaeus
fathomnet_data\Bathochordaeus\images\Bathochordaeus_171.jpg,712,485,30,15,252,50,Bathochordaeus
fathomnet_data\Bathochordaeus\images\Bathochordaeus_172.jpg,715,486,96,82,151,109,Bathochordaeus
fathomnet_data\Bathochordaeus\images\Bathochordaeus_173.jpg,714,486,73,32,203,140,Bathochordaeus
fathomnet_data\Bathochordaeus\images\Bathochordaeus_174.jpg,715,486,84,141,334,179,Bathochordaeus
fathomnet_data\Bathochordaeus\images\Bathochordaeus_175.jpg,640,366,16,17,329,178,Bathochordaeus
fathomnet_data\Bathochordaeus\images\Bathochordaeus_176.jpg,443,362,42,48,189,237,Bathochordaeus
fathomnet_data\Bathochordaeus\images\Bathochordaeus_177.jpg,640,366,14,18,247,154,Bathochordaeus
fathomnet_data\Bathochordaeus\images\Bathochordaeus_178.jpg,640,366,36,20,472,171,Bathochordaeus
fathomnet_data\Bathochordaeus\images\Bathochordaeus_179.jpg,640,366,188,246,331,132,Bathochordaeus
fathomnet_data\Bathochordaeus\images\Bathochordaeus_180.jpg,640,366,45,38,337,154,Bathochordaeus
fathomnet_data\Bathochordaeus\images\Bathochordaeus_181.jpg,640,366,138,272,242,37,Bathochordaeus
fathomnet_data\Bathochordaeus\images\Bathochordaeus_182.jpg,640,366,122,84,304,10,Bathochordaeus
fathomnet_data\Bathochordaeus\images\Bathochordaeus_183.jpg,714,486,32,27,177,208,Bathochordaeus
fathomnet_data\Bathochordaeus\images\Bathochordaeus_184.jpg,714,486,69,218,191,133,Bathochordaeus
fathomnet_data\Bathochordaeus\images\Bathochordaeus_185.jpg,714,486,161,44,362,143,Bathochordaeus
fathomnet_data\Bathochordaeus\images\Bathochordaeus_186.jpg,714,486,218,133,220,167,Bathochordaeus
fathomnet_data\Bathochordaeus\images\Bathochordaeus_187.jpg,714,486,94,92,173,142,Bathochordaeus
fathomnet_data\Bathochordaeus\images\Bathochordaeus_188.jpg,714,486,122,105,160,190,Bathochordaeus
fathomnet_data\Bathochordaeus\images\Bathochordaeus_189.jpg,713,485,51,31,186,154,Bathochordaeus
fathomnet_data\Bathochordaeus\images\Bathochordaeus_190.jpg,640,366,64,77,260,135,Bathochordaeus
fathomnet_data\Bathochordaeus\images\Bathochordaeus_191.jpg,640,366,9,24,419,101,Bathochordaeus
fathomnet_data\Bathochordaeus\images\Bathochordaeus_192.jpg,640,366,34,33,490,299,Bathochordaeus
fathomnet_data\Bathochordaeus\images\Bathochordaeus_193.jpg,640,366,58,55,379,240,Bathochordaeus
fathomnet_data\Bathochordaeus\images\Bathochordaeus_194.jpg,640,366,25,36,118,230,Bathochordaeus
fathomnet_data\Bathochordaeus\images\Bathochordaeus_195.jpg,640,366,33,29,290,116,Bathochordaeus
fathomnet_data\Bathochordaeus\images\Bathochordaeus_196.jpg,640,366,26,47,364,191,Bathochordaeus
fathomnet_data\Bathochordaeus\images\Bathochordaeus_197.jpg,640,366,11,11,386,102,Bathochordaeus
fathomnet_data\Bathochordaeus\images\Bathochordaeus_198.jpg,640,366,61,58,248,194,Bathochordaeus
fathomnet_data\Bathochordaeus\images\Bathochordaeus_199.jpg,640,366,128,118,29,34,Bathochordaeus
fathomnet_data\Lampocteis_cruentiventer\images\Lampocteis_cruentiventer_0.jpg,1920,1080,128,150,1045,364,Lampocteis_cruentiventer
fathomnet_data\Lampocteis_cruentiventer\images\Lampocteis_cruentiventer_1.jpg,1920,1080,178,159,619,412,Lampocteis_cruentiventer
fathomnet_data\Lampocteis_cruentiventer\images\Lampocteis_cruentiventer_2.jpg,713,486,255,248,314,147,Lampocteis_cruentiventer
fathomnet_data\Lampocteis_cruentiventer\images\Lampocteis_cruentiventer_3.jpg,1920,1080,78,70,1143,618,Lampocteis_cruentiventer
fathomnet_data\Lampocteis_cruentiventer\images\Lampocteis_cruentiventer_4.jpg,1920,1080,66,94,1090,462,Lampocteis_cruentiventer
fathomnet_data\Lampocteis_cruentiventer\images\Lampocteis_cruentiventer_5.jpg,1920,1080,102,76,1111,139,Lampocteis_cruentiventer
fathomnet_data\Lampocteis_cruentiventer\images\Lampocteis_cruentiventer_6.jpg,640,486,59,43,247,105,Lampocteis_cruentiventer
fathomnet_data\Lampocteis_cruentiventer\images\Lampocteis_cruentiventer_7.jpg,640,486,52,42,245,258,Lampocteis_cruentiventer
fathomnet_data\Lampocteis_cruentiventer\images\Lampocteis_cruentiventer_8.jpg,640,486,79,87,282,269,Lampocteis_cruentiventer
fathomnet_data\Lampocteis_cruentiventer\images\Lampocteis_cruentiventer_9.jpg,720,366,212,257,188,124,Lampocteis_cruentiventer
fathomnet_data\Lampocteis_cruentiventer\images\Lampocteis_cruentiventer_10.jpg,720,366,196,227,473,115,Lampocteis_cruentiventer
fathomnet_data\Lampocteis_cruentiventer\images\Lampocteis_cruentiventer_11.jpg,720,366,224,210,278,82,Lampocteis_cruentiventer
fathomnet_data\Lampocteis_cruentiventer\images\Lampocteis_cruentiventer_12.jpg,720,366,219,238,83,98,Lampocteis_cruentiventer
fathomnet_data\Lampocteis_cruentiventer\images\Lampocteis_cruentiventer_13.jpg,720,366,117,97,288,94,Lampocteis_cruentiventer
fathomnet_data\Lampocteis_cruentiventer\images\Lampocteis_cruentiventer_14.jpg,720,366,126,147,252,107,Lampocteis_cruentiventer
fathomnet_data\Lampocteis_cruentiventer\images\Lampocteis_cruentiventer_15.jpg,720,366,89,140,246,156,Lampocteis_cruentiventer
fathomnet_data\Lampocteis_cruentiventer\images\Lampocteis_cruentiventer_16.jpg,720,366,246,319,244,117,Lampocteis_cruentiventer
fathomnet_data\Lampocteis_cruentiventer\images\Lampocteis_cruentiventer_17.jpg,720,366,254,347,89,76,Lampocteis_cruentiventer
fathomnet_data\Lampocteis_cruentiventer\images\Lampocteis_cruentiventer_18.jpg,720,366,301,288,224,61,Lampocteis_cruentiventer
fathomnet_data\Lampocteis_cruentiventer\images\Lampocteis_cruentiventer_19.jpg,720,366,351,321,299,2,Lampocteis_cruentiventer
fathomnet_data\Lampocteis_cruentiventer\images\Lampocteis_cruentiventer_20.jpg,720,366,245,303,196,118,Lampocteis_cruentiventer
fathomnet_data\Lampocteis_cruentiventer\images\Lampocteis_cruentiventer_21.jpg,639,486,84,97,172,148,Lampocteis_cruentiventer
fathomnet_data\Lampocteis_cruentiventer\images\Lampocteis_cruentiventer_22.jpg,640,486,203,225,146,77,Lampocteis_cruentiventer
fathomnet_data\Lampocteis_cruentiventer\images\Lampocteis_cruentiventer_23.jpg,639,486,256,323,101,33,Lampocteis_cruentiventer
fathomnet_data\Lampocteis_cruentiventer\images\Lampocteis_cruentiventer_24.jpg,639,486,200,191,203,161,Lampocteis_cruentiventer
fathomnet_data\Lampocteis_cruentiventer\images\Lampocteis_cruentiventer_25.jpg,639,486,227,250,232,209,Lampocteis_cruentiventer
fathomnet_data\Lampocteis_cruentiventer\images\Lampocteis_cruentiventer_26.jpg,639,486,202,289,203,33,Lampocteis_cruentiventer
fathomnet_data\Lampocteis_cruentiventer\images\Lampocteis_cruentiventer_27.jpg,639,486,194,225,119,3,Lampocteis_cruentiventer
fathomnet_data\Lampocteis_cruentiventer\images\Lampocteis_cruentiventer_28.jpg,639,486,179,209,184,79,Lampocteis_cruentiventer
fathomnet_data\Lampocteis_cruentiventer\images\Lampocteis_cruentiventer_29.jpg,639,486,307,344,225,119,Lampocteis_cruentiventer
fathomnet_data\Lampocteis_cruentiventer\images\Lampocteis_cruentiventer_30.jpg,639,486,313,348,201,115,Lampocteis_cruentiventer
fathomnet_data\Lampocteis_cruentiventer\images\Lampocteis_cruentiventer_31.jpg,639,486,309,353,227,97,Lampocteis_cruentiventer
fathomnet_data\Lampocteis_cruentiventer\images\Lampocteis_cruentiventer_32.jpg,639,486,249,282,272,149,Lampocteis_cruentiventer
fathomnet_data\Lampocteis_cruentiventer\images\Lampocteis_cruentiventer_33.jpg,639,486,305,378,192,68,Lampocteis_cruentiventer
fathomnet_data\Lampocteis_cruentiventer\images\Lampocteis_cruentiventer_34.jpg,639,486,33,42,362,205,Lampocteis_cruentiventer
fathomnet_data\Lampocteis_cruentiventer\images\Lampocteis_cruentiventer_35.jpg,640,366,83,90,273,8,Lampocteis_cruentiventer
fathomnet_data\Lampocteis_cruentiventer\images\Lampocteis_cruentiventer_36.jpg,640,366,75,72,290,231,Lampocteis_cruentiventer
fathomnet_data\Lampocteis_cruentiventer\images\Lampocteis_cruentiventer_37.jpg,640,366,157,131,212,65,Lampocteis_cruentiventer
fathomnet_data\Lampocteis_cruentiventer\images\Lampocteis_cruentiventer_38.jpg,640,366,176,162,221,38,Lampocteis_cruentiventer
fathomnet_data\Lampocteis_cruentiventer\images\Lampocteis_cruentiventer_39.jpg,640,366,155,215,241,167,Lampocteis_cruentiventer
fathomnet_data\Lampocteis_cruentiventer\images\Lampocteis_cruentiventer_40.jpg,640,366,167,257,317,78,Lampocteis_cruentiventer
fathomnet_data\Lampocteis_cruentiventer\images\Lampocteis_cruentiventer_41.jpg,640,366,280,271,240,0,Lampocteis_cruentiventer
fathomnet_data\Lampocteis_cruentiventer\images\Lampocteis_cruentiventer_42.jpg,640,366,196,232,214,86,Lampocteis_cruentiventer
fathomnet_data\Lampocteis_cruentiventer\images\Lampocteis_cruentiventer_43.jpg,640,366,218,198,310,59,Lampocteis_cruentiventer
fathomnet_data\Lampocteis_cruentiventer\images\Lampocteis_cruentiventer_44.jpg,640,366,230,232,162,41,Lampocteis_cruentiventer
fathomnet_data\Lampocteis_cruentiventer\images\Lampocteis_cruentiventer_45.jpg,640,366,214,296,5,1,Lampocteis_cruentiventer
fathomnet_data\Lampocteis_cruentiventer\images\Lampocteis_cruentiventer_46.jpg,640,366,263,330,68,38,Lampocteis_cruentiventer
fathomnet_data\Lampocteis_cruentiventer\images\Lampocteis_cruentiventer_47.jpg,640,366,149,215,298,212,Lampocteis_cruentiventer
fathomnet_data\Lampocteis_cruentiventer\images\Lampocteis_cruentiventer_48.jpg,640,366,192,206,273,89,Lampocteis_cruentiventer
fathomnet_data\Lampocteis_cruentiventer\images\Lampocteis_cruentiventer_49.jpg,640,366,127,187,174,236,Lampocteis_cruentiventer
fathomnet_data\Lampocteis_cruentiventer\images\Lampocteis_cruentiventer_50.jpg,640,366,174,150,265,13,Lampocteis_cruentiventer
fathomnet_data\Lampocteis_cruentiventer\images\Lampocteis_cruentiventer_51.jpg,640,366,164,181,356,194,Lampocteis_cruentiventer
fathomnet_data\Lampocteis_cruentiventer\images\Lampocteis_cruentiventer_52.jpg,640,366,156,171,309,155,Lampocteis_cruentiventer
fathomnet_data\Lampocteis_cruentiventer\images\Lampocteis_cruentiventer_53.jpg,640,366,158,124,357,89,Lampocteis_cruentiventer
fathomnet_data\Lampocteis_cruentiventer\images\Lampocteis_cruentiventer_54.jpg,640,366,158,210,198,158,Lampocteis_cruentiventer
fathomnet_data\Lampocteis_cruentiventer\images\Lampocteis_cruentiventer_55.jpg,640,366,169,195,245,102,Lampocteis_cruentiventer
fathomnet_data\Lampocteis_cruentiventer\images\Lampocteis_cruentiventer_56.jpg,640,366,215,196,275,148,Lampocteis_cruentiventer
fathomnet_data\Lampocteis_cruentiventer\images\Lampocteis_cruentiventer_57.jpg,640,366,111,130,260,93,Lampocteis_cruentiventer
fathomnet_data\Lampocteis_cruentiventer\images\Lampocteis_cruentiventer_58.jpg,714,486,84,104,221,80,Lampocteis_cruentiventer
fathomnet_data\Lampocteis_cruentiventer\images\Lampocteis_cruentiventer_59.jpg,714,486,143,174,80,332,Lampocteis_cruentiventer
fathomnet_data\Lampocteis_cruentiventer\images\Lampocteis_cruentiventer_60.jpg,640,366,84,148,224,281,Lampocteis_cruentiventer
fathomnet_data\Lampocteis_cruentiventer\images\Lampocteis_cruentiventer_61.jpg,715,486,130,175,196,190,Lampocteis_cruentiventer
fathomnet_data\Lampocteis_cruentiventer\images\Lampocteis_cruentiventer_62.jpg,715,486,309,271,174,44,Lampocteis_cruentiventer
fathomnet_data\Lampocteis_cruentiventer\images\Lampocteis_cruentiventer_63.jpg,715,486,233,381,194,46,Lampocteis_cruentiventer
fathomnet_data\Lampocteis_cruentiventer\images\Lampocteis_cruentiventer_64.jpg,715,486,284,409,116,44,Lampocteis_cruentiventer
fathomnet_data\Lampocteis_cruentiventer\images\Lampocteis_cruentiventer_65.jpg,715,486,206,203,102,162,Lampocteis_cruentiventer
fathomnet_data\Lampocteis_cruentiventer\images\Lampocteis_cruentiventer_66.jpg,715,486,294,253,153,87,Lampocteis_cruentiventer
fathomnet_data\Lampocteis_cruentiventer\images\Lampocteis_cruentiventer_67.jpg,715,486,469,474,87,15,Lampocteis_cruentiventer
fathomnet_data\Lampocteis_cruentiventer\images\Lampocteis_cruentiventer_68.jpg,715,486,408,547,43,62,Lampocteis_cruentiventer
fathomnet_data\Lampocteis_cruentiventer\images\Lampocteis_cruentiventer_69.jpg,715,486,409,485,33,59,Lampocteis_cruentiventer
fathomnet_data\Lampocteis_cruentiventer\images\Lampocteis_cruentiventer_70.jpg,715,486,407,664,1,4,Lampocteis_cruentiventer
fathomnet_data\Lampocteis_cruentiventer\images\Lampocteis_cruentiventer_71.jpg,715,486,474,677,32,0,Lampocteis_cruentiventer
fathomnet_data\Lampocteis_cruentiventer\images\Lampocteis_cruentiventer_72.jpg,715,486,341,594,2,58,Lampocteis_cruentiventer
fathomnet_data\Lampocteis_cruentiventer\images\Lampocteis_cruentiventer_73.jpg,715,486,412,517,2,59,Lampocteis_cruentiventer
fathomnet_data\Lampocteis_cruentiventer\images\Lampocteis_cruentiventer_74.jpg,715,486,470,578,39,0,Lampocteis_cruentiventer
fathomnet_data\Lampocteis_cruentiventer\images\Lampocteis_cruentiventer_75.jpg,715,486,251,224,347,198,Lampocteis_cruentiventer
fathomnet_data\Lampocteis_cruentiventer\images\Lampocteis_cruentiventer_76.jpg,715,486,289,274,179,148,Lampocteis_cruentiventer
fathomnet_data\Lampocteis_cruentiventer\images\Lampocteis_cruentiventer_77.jpg,715,486,275,410,57,0,Lampocteis_cruentiventer
fathomnet_data\Lampocteis_cruentiventer\images\Lampocteis_cruentiventer_78.jpg,715,486,244,248,38,118,Lampocteis_cruentiventer
fathomnet_data\Lampocteis_cruentiventer\images\Lampocteis_cruentiventer_79.jpg,715,486,116,116,277,286,Lampocteis_cruentiventer
fathomnet_data\Lampocteis_cruentiventer\images\Lampocteis_cruentiventer_80.jpg,715,486,294,281,229,61,Lampocteis_cruentiventer
fathomnet_data\Lampocteis_cruentiventer\images\Lampocteis_cruentiventer_81.jpg,715,486,188,206,130,295,Lampocteis_cruentiventer
fathomnet_data\Lampocteis_cruentiventer\images\Lampocteis_cruentiventer_82.jpg,715,486,213,343,152,2,Lampocteis_cruentiventer
fathomnet_data\Lampocteis_cruentiventer\images\Lampocteis_cruentiventer_83.jpg,715,486,43,45,325,375,Lampocteis_cruentiventer
fathomnet_data\Lampocteis_cruentiventer\images\Lampocteis_cruentiventer_84.jpg,714,486,236,241,9,142,Lampocteis_cruentiventer
fathomnet_data\Lampocteis_cruentiventer\images\Lampocteis_cruentiventer_85.jpg,640,366,249,315,292,115,Lampocteis_cruentiventer
fathomnet_data\Lampocteis_cruentiventer\images\Lampocteis_cruentiventer_86.jpg,640,366,220,251,147,142,Lampocteis_cruentiventer
fathomnet_data\Lampocteis_cruentiventer\images\Lampocteis_cruentiventer_87.jpg,640,366,359,353,285,2,Lampocteis_cruentiventer
fathomnet_data\Lampocteis_cruentiventer\images\Lampocteis_cruentiventer_88.jpg,714,486,169,185,284,160,Lampocteis_cruentiventer
fathomnet_data\Lampocteis_cruentiventer\images\Lampocteis_cruentiventer_89.jpg,714,486,185,200,362,137,Lampocteis_cruentiventer
fathomnet_data\Lampocteis_cruentiventer\images\Lampocteis_cruentiventer_90.jpg,714,486,236,304,215,186,Lampocteis_cruentiventer
fathomnet_data\Lampocteis_cruentiventer\images\Lampocteis_cruentiventer_91.jpg,714,486,241,274,113,72,Lampocteis_cruentiventer
fathomnet_data\Lampocteis_cruentiventer\images\Lampocteis_cruentiventer_92.jpg,714,486,228,232,120,134,Lampocteis_cruentiventer
fathomnet_data\Lampocteis_cruentiventer\images\Lampocteis_cruentiventer_93.jpg,714,486,149,180,395,118,Lampocteis_cruentiventer
fathomnet_data\Lampocteis_cruentiventer\images\Lampocteis_cruentiventer_94.jpg,714,486,77,91,300,225,Lampocteis_cruentiventer
fathomnet_data\Lampocteis_cruentiventer\images\Lampocteis_cruentiventer_95.jpg,714,486,207,190,215,262,Lampocteis_cruentiventer
fathomnet_data\Lampocteis_cruentiventer\images\Lampocteis_cruentiventer_96.jpg,715,486,353,318,199,123,Lampocteis_cruentiventer
fathomnet_data\Lampocteis_cruentiventer\images\Lampocteis_cruentiventer_97.jpg,714,486,318,284,5,152,Lampocteis_cruentiventer
fathomnet_data\Lampocteis_cruentiventer\images\Lampocteis_cruentiventer_98.jpg,714,486,128,151,133,269,Lampocteis_cruentiventer
fathomnet_data\Lampocteis_cruentiventer\images\Lampocteis_cruentiventer_99.jpg,714,486,116,149,140,79,Lampocteis_cruentiventer
fathomnet_data\Lampocteis_cruentiventer\images\Lampocteis_cruentiventer_100.jpg,714,486,104,170,107,141,Lampocteis_cruentiventer
fathomnet_data\Lampocteis_cruentiventer\images\Lampocteis_cruentiventer_101.jpg,714,486,245,394,45,143,Lampocteis_cruentiventer
fathomnet_data\Lampocteis_cruentiventer\images\Lampocteis_cruentiventer_102.jpg,714,486,297,448,205,93,Lampocteis_cruentiventer
fathomnet_data\Lampocteis_cruentiventer\images\Lampocteis_cruentiventer_103.jpg,715,486,293,314,179,81,Lampocteis_cruentiventer
fathomnet_data\Lampocteis_cruentiventer\images\Lampocteis_cruentiventer_104.jpg,714,486,382,354,118,3,Lampocteis_cruentiventer
fathomnet_data\Lampocteis_cruentiventer\images\Lampocteis_cruentiventer_105.jpg,715,486,408,366,204,61,Lampocteis_cruentiventer
fathomnet_data\Lampocteis_cruentiventer\images\Lampocteis_cruentiventer_106.jpg,714,486,210,294,321,120,Lampocteis_cruentiventer
fathomnet_data\Lampocteis_cruentiventer\images\Lampocteis_cruentiventer_107.jpg,714,486,259,317,74,58,Lampocteis_cruentiventer
fathomnet_data\Lampocteis_cruentiventer\images\Lampocteis_cruentiventer_108.jpg,715,486,216,229,275,213,Lampocteis_cruentiventer
fathomnet_data\Lampocteis_cruentiventer\images\Lampocteis_cruentiventer_109.jpg,715,486,165,195,272,216,Lampocteis_cruentiventer
fathomnet_data\Lampocteis_cruentiventer\images\Lampocteis_cruentiventer_110.jpg,715,486,376,491,86,61,Lampocteis_cruentiventer
fathomnet_data\Lampocteis_cruentiventer\images\Lampocteis_cruentiventer_111.jpg,715,486,444,587,120,1,Lampocteis_cruentiventer
fathomnet_data\Lampocteis_cruentiventer\images\Lampocteis_cruentiventer_112.jpg,715,486,484,571,52,0,Lampocteis_cruentiventer
fathomnet_data\Lampocteis_cruentiventer\images\Lampocteis_cruentiventer_113.jpg,640,486,128,194,193,183,Lampocteis_cruentiventer
fathomnet_data\Lampocteis_cruentiventer\images\Lampocteis_cruentiventer_114.jpg,715,486,351,457,158,0,Lampocteis_cruentiventer
fathomnet_data\Lampocteis_cruentiventer\images\Lampocteis_cruentiventer_115.jpg,715,486,371,381,1,73,Lampocteis_cruentiventer
fathomnet_data\Lampocteis_cruentiventer\images\Lampocteis_cruentiventer_116.jpg,715,486,474,596,23,0,Lampocteis_cruentiventer
fathomnet_data\Lampocteis_cruentiventer\images\Lampocteis_cruentiventer_117.jpg,715,486,232,281,131,232,Lampocteis_cruentiventer
fathomnet_data\Lampocteis_cruentiventer\images\Lampocteis_cruentiventer_118.jpg,715,486,260,359,51,223,Lampocteis_cruentiventer
fathomnet_data\Lampocteis_cruentiventer\images\Lampocteis_cruentiventer_119.jpg,715,486,300,384,33,121,Lampocteis_cruentiventer
fathomnet_data\Lampocteis_cruentiventer\images\Lampocteis_cruentiventer_120.jpg,716,486,244,288,136,177,Lampocteis_cruentiventer
fathomnet_data\Lampocteis_cruentiventer\images\Lampocteis_cruentiventer_121.jpg,716,486,471,521,0,0,Lampocteis_cruentiventer
fathomnet_data\Lampocteis_cruentiventer\images\Lampocteis_cruentiventer_122.jpg,715,486,232,234,234,80,Lampocteis_cruentiventer
fathomnet_data\Lampocteis_cruentiventer\images\Lampocteis_cruentiventer_123.jpg,715,486,307,416,144,148,Lampocteis_cruentiventer
fathomnet_data\Lampocteis_cruentiventer\images\Lampocteis_cruentiventer_124.jpg,715,486,330,490,69,61,Lampocteis_cruentiventer
fathomnet_data\Lampocteis_cruentiventer\images\Lampocteis_cruentiventer_125.jpg,715,486,311,355,171,163,Lampocteis_cruentiventer
fathomnet_data\Lampocteis_cruentiventer\images\Lampocteis_cruentiventer_126.jpg,715,486,411,421,203,59,Lampocteis_cruentiventer
fathomnet_data\Lampocteis_cruentiventer\images\Lampocteis_cruentiventer_127.jpg,715,486,415,570,105,57,Lampocteis_cruentiventer
fathomnet_data\Lampocteis_cruentiventer\images\Lampocteis_cruentiventer_128.jpg,715,486,362,255,171,59,Lampocteis_cruentiventer
fathomnet_data\Lampocteis_cruentiventer\images\Lampocteis_cruentiventer_129.jpg,715,486,230,273,127,243,Lampocteis_cruentiventer
fathomnet_data\Lampocteis_cruentiventer\images\Lampocteis_cruentiventer_130.jpg,715,486,182,317,81,56,Lampocteis_cruentiventer
fathomnet_data\Lampocteis_cruentiventer\images\Lampocteis_cruentiventer_131.jpg,715,486,322,317,258,149,Lampocteis_cruentiventer
fathomnet_data\Lampocteis_cruentiventer\images\Lampocteis_cruentiventer_132.jpg,715,486,100,102,373,309,Lampocteis_cruentiventer
fathomnet_data\Lampocteis_cruentiventer\images\Lampocteis_cruentiventer_133.jpg,715,486,107,104,484,199,Lampocteis_cruentiventer
fathomnet_data\Lampocteis_cruentiventer\images\Lampocteis_cruentiventer_134.jpg,715,486,255,141,395,81,Lampocteis_cruentiventer
fathomnet_data\Lampocteis_cruentiventer\images\Lampocteis_cruentiventer_135.jpg,715,486,213,168,167,145,Lampocteis_cruentiventer
fathomnet_data\Lampocteis_cruentiventer\images\Lampocteis_cruentiventer_136.jpg,715,486,205,341,219,88,Lampocteis_cruentiventer
fathomnet_data\Lampocteis_cruentiventer\images\Lampocteis_cruentiventer_137.jpg,715,486,321,296,247,131,Lampocteis_cruentiventer
fathomnet_data\Lampocteis_cruentiventer\images\Lampocteis_cruentiventer_138.jpg,715,486,268,276,223,179,Lampocteis_cruentiventer
fathomnet_data\Lampocteis_cruentiventer\images\Lampocteis_cruentiventer_139.jpg,715,486,379,396,292,81,Lampocteis_cruentiventer
fathomnet_data\Lampocteis_cruentiventer\images\Lampocteis_cruentiventer_140.jpg,715,486,375,332,346,70,Lampocteis_cruentiventer
fathomnet_data\Lampocteis_cruentiventer\images\Lampocteis_cruentiventer_141.jpg,715,486,358,287,388,58,Lampocteis_cruentiventer
fathomnet_data\Lampocteis_cruentiventer\images\Lampocteis_cruentiventer_142.jpg,715,486,372,327,205,95,Lampocteis_cruentiventer
fathomnet_data\Lampocteis_cruentiventer\images\Lampocteis_cruentiventer_143.jpg,715,486,277,280,286,98,Lampocteis_cruentiventer
fathomnet_data\Lampocteis_cruentiventer\images\Lampocteis_cruentiventer_144.jpg,715,486,283,272,213,189,Lampocteis_cruentiventer
fathomnet_data\Lampocteis_cruentiventer\images\Lampocteis_cruentiventer_145.jpg,715,486,267,294,161,174,Lampocteis_cruentiventer
fathomnet_data\Lampocteis_cruentiventer\images\Lampocteis_cruentiventer_146.jpg,715,486,300,309,351,177,Lampocteis_cruentiventer
fathomnet_data\Lampocteis_cruentiventer\images\Lampocteis_cruentiventer_147.jpg,715,486,125,234,339,213,Lampocteis_cruentiventer
fathomnet_data\Lampocteis_cruentiventer\images\Lampocteis_cruentiventer_148.jpg,715,486,143,79,460,201,Lampocteis_cruentiventer
fathomnet_data\Lampocteis_cruentiventer\images\Lampocteis_cruentiventer_149.jpg,715,486,143,213,501,342,Lampocteis_cruentiventer
fathomnet_data\Lampocteis_cruentiventer\images\Lampocteis_cruentiventer_150.jpg,715,486,202,273,140,181,Lampocteis_cruentiventer
fathomnet_data\Lampocteis_cruentiventer\images\Lampocteis_cruentiventer_151.jpg,715,486,242,282,205,132,Lampocteis_cruentiventer
fathomnet_data\Lampocteis_cruentiventer\images\Lampocteis_cruentiventer_152.jpg,715,486,223,194,123,140,Lampocteis_cruentiventer
fathomnet_data\Lampocteis_cruentiventer\images\Lampocteis_cruentiventer_153.jpg,715,486,198,178,150,129,Lampocteis_cruentiventer
fathomnet_data\Lampocteis_cruentiventer\images\Lampocteis_cruentiventer_154.jpg,640,366,172,150,275,134,Lampocteis_cruentiventer
fathomnet_data\Lampocteis_cruentiventer\images\Lampocteis_cruentiventer_155.jpg,640,366,267,244,253,98,Lampocteis_cruentiventer
fathomnet_data\Lampocteis_cruentiventer\images\Lampocteis_cruentiventer_156.jpg,640,366,153,212,103,148,Lampocteis_cruentiventer
fathomnet_data\Lampocteis_cruentiventer\images\Lampocteis_cruentiventer_157.jpg,714,486,273,335,148,193,Lampocteis_cruentiventer
fathomnet_data\Lampocteis_cruentiventer\images\Lampocteis_cruentiventer_158.jpg,714,486,277,357,150,70,Lampocteis_cruentiventer
fathomnet_data\Lampocteis_cruentiventer\images\Lampocteis_cruentiventer_159.jpg,714,486,341,344,216,57,Lampocteis_cruentiventer
fathomnet_data\Lampocteis_cruentiventer\images\Lampocteis_cruentiventer_160.jpg,714,486,268,357,179,121,Lampocteis_cruentiventer
fathomnet_data\Lampocteis_cruentiventer\images\Lampocteis_cruentiventer_161.jpg,714,486,108,173,137,254,Lampocteis_cruentiventer
fathomnet_data\Lampocteis_cruentiventer\images\Lampocteis_cruentiventer_162.jpg,714,486,56,144,93,308,Lampocteis_cruentiventer
fathomnet_data\Lampocteis_cruentiventer\images\Lampocteis_cruentiventer_163.jpg,714,486,217,181,199,170,Lampocteis_cruentiventer
fathomnet_data\Lampocteis_cruentiventer\images\Lampocteis_cruentiventer_164.jpg,714,486,252,232,134,181,Lampocteis_cruentiventer
fathomnet_data\Lampocteis_cruentiventer\images\Lampocteis_cruentiventer_165.jpg,714,486,62,70,451,301,Lampocteis_cruentiventer
fathomnet_data\Lampocteis_cruentiventer\images\Lampocteis_cruentiventer_166.jpg,714,486,40,59,315,228,Lampocteis_cruentiventer
fathomnet_data\Lampocteis_cruentiventer\images\Lampocteis_cruentiventer_167.jpg,714,486,50,47,239,236,Lampocteis_cruentiventer
fathomnet_data\Lampocteis_cruentiventer\images\Lampocteis_cruentiventer_168.jpg,714,486,51,50,233,252,Lampocteis_cruentiventer
fathomnet_data\Lampocteis_cruentiventer\images\Lampocteis_cruentiventer_169.jpg,714,486,77,116,206,253,Lampocteis_cruentiventer
fathomnet_data\Lampocteis_cruentiventer\images\Lampocteis_cruentiventer_170.jpg,714,486,67,86,304,382,Lampocteis_cruentiventer
fathomnet_data\Lampocteis_cruentiventer\images\Lampocteis_cruentiventer_171.jpg,714,486,68,72,421,315,Lampocteis_cruentiventer
fathomnet_data\Lampocteis_cruentiventer\images\Lampocteis_cruentiventer_172.jpg,714,486,144,183,199,203,Lampocteis_cruentiventer
fathomnet_data\Lampocteis_cruentiventer\images\Lampocteis_cruentiventer_173.jpg,714,486,240,281,187,226,Lampocteis_cruentiventer
fathomnet_data\Lampocteis_cruentiventer\images\Lampocteis_cruentiventer_174.jpg,714,486,302,342,103,155,Lampocteis_cruentiventer
fathomnet_data\Lampocteis_cruentiventer\images\Lampocteis_cruentiventer_175.jpg,715,486,104,142,292,363,Lampocteis_cruentiventer
fathomnet_data\Lampocteis_cruentiventer\images\Lampocteis_cruentiventer_176.jpg,715,486,145,235,278,108,Lampocteis_cruentiventer
fathomnet_data\Lampocteis_cruentiventer\images\Lampocteis_cruentiventer_177.jpg,714,486,167,160,316,241,Lampocteis_cruentiventer
fathomnet_data\Lampocteis_cruentiventer\images\Lampocteis_cruentiventer_178.jpg,714,486,176,141,316,231,Lampocteis_cruentiventer
fathomnet_data\Lampocteis_cruentiventer\images\Lampocteis_cruentiventer_179.jpg,714,486,90,106,382,224,Lampocteis_cruentiventer
fathomnet_data\Lampocteis_cruentiventer\images\Lampocteis_cruentiventer_180.jpg,714,486,68,120,536,410,Lampocteis_cruentiventer
fathomnet_data\Lampocteis_cruentiventer\images\Lampocteis_cruentiventer_181.jpg,640,366,142,111,372,23,Lampocteis_cruentiventer
fathomnet_data\Lampocteis_cruentiventer\images\Lampocteis_cruentiventer_182.jpg,715,486,299,354,72,170,Lampocteis_cruentiventer
fathomnet_data\Lampocteis_cruentiventer\images\Lampocteis_cruentiventer_183.jpg,715,486,345,362,86,60,Lampocteis_cruentiventer
fathomnet_data\Lampocteis_cruentiventer\images\Lampocteis_cruentiventer_184.jpg,715,486,146,178,109,106,Lampocteis_cruentiventer
fathomnet_data\Lampocteis_cruentiventer\images\Lampocteis_cruentiventer_185.jpg,715,486,179,222,45,81,Lampocteis_cruentiventer
fathomnet_data\Lampocteis_cruentiventer\images\Lampocteis_cruentiventer_186.jpg,715,486,202,219,4,188,Lampocteis_cruentiventer
fathomnet_data\Lampocteis_cruentiventer\images\Lampocteis_cruentiventer_187.jpg,715,486,361,254,2,110,Lampocteis_cruentiventer
fathomnet_data\Lampocteis_cruentiventer\images\Lampocteis_cruentiventer_188.jpg,715,486,165,279,87,104,Lampocteis_cruentiventer
fathomnet_data\Lampocteis_cruentiventer\images\Lampocteis_cruentiventer_189.jpg,715,486,448,425,81,2,Lampocteis_cruentiventer
fathomnet_data\Lampocteis_cruentiventer\images\Lampocteis_cruentiventer_190.jpg,715,486,361,405,101,77,Lampocteis_cruentiventer
fathomnet_data\Lampocteis_cruentiventer\images\Lampocteis_cruentiventer_191.jpg,715,486,351,475,98,74,Lampocteis_cruentiventer
fathomnet_data\Lampocteis_cruentiventer\images\Lampocteis_cruentiventer_192.jpg,715,486,384,452,101,44,Lampocteis_cruentiventer
fathomnet_data\Lampocteis_cruentiventer\images\Lampocteis_cruentiventer_193.jpg,715,486,450,455,109,0,Lampocteis_cruentiventer
fathomnet_data\Lampocteis_cruentiventer\images\Lampocteis_cruentiventer_194.jpg,715,486,91,118,463,372,Lampocteis_cruentiventer
fathomnet_data\Lampocteis_cruentiventer\images\Lampocteis_cruentiventer_195.jpg,714,486,106,124,224,106,Lampocteis_cruentiventer
fathomnet_data\Lampocteis_cruentiventer\images\Lampocteis_cruentiventer_196.jpg,715,486,122,126,213,110,Lampocteis_cruentiventer
fathomnet_data\Lampocteis_cruentiventer\images\Lampocteis_cruentiventer_197.jpg,714,486,141,198,271,268,Lampocteis_cruentiventer
fathomnet_data\Lampocteis_cruentiventer\images\Lampocteis_cruentiventer_198.jpg,714,486,195,229,247,276,Lampocteis_cruentiventer
fathomnet_data\Lampocteis_cruentiventer\images\Lampocteis_cruentiventer_199.jpg,715,486,120,135,170,156,Lampocteis_cruentiventer
fathomnet_data\Nanomia\images\Nanomia_0.jpg,1920,1080,948,1755,8,121,Nanomia
fathomnet_data\Nanomia\images\Nanomia_1.jpg,1920,1080,174,131,1003,213,Nanomia
fathomnet_data\Nanomia\images\Nanomia_2.jpg,1920,1080,612,152,1170,371,Nanomia
fathomnet_data\Nanomia\images\Nanomia_3.jpg,711,486,39,35,428,274,Nanomia
fathomnet_data\Nanomia\images\Nanomia_4.jpg,640,366,112,11,409,243,Nanomia
fathomnet_data\Nanomia\images\Nanomia_5.jpg,715,486,391,161,548,5,Nanomia
fathomnet_data\Nanomia\images\Nanomia_6.jpg,715,486,25,25,64,283,Nanomia
fathomnet_data\Nanomia\images\Nanomia_7.jpg,640,366,221,357,190,41,Nanomia
fathomnet_data\Nanomia\images\Nanomia_8.jpg,710,482,18,13,377,291,Nanomia
fathomnet_data\Nanomia\images\Nanomia_9.jpg,715,425,28,21,551,33,Nanomia
fathomnet_data\Nanomia\images\Nanomia_10.jpg,1920,1080,206,520,424,477,Nanomia
fathomnet_data\Nanomia\images\Nanomia_11.jpg,715,370,41,29,333,319,Nanomia
fathomnet_data\Nanomia\images\Nanomia_12.jpg,720,368,128,43,223,155,Nanomia
fathomnet_data\Nanomia\images\Nanomia_13.jpg,720,368,101,32,240,202,Nanomia
fathomnet_data\Nanomia\images\Nanomia_14.jpg,720,368,362,717,0,1,Nanomia
fathomnet_data\Nanomia\images\Nanomia_15.jpg,720,368,25,28,406,61,Nanomia
fathomnet_data\Nanomia\images\Nanomia_16.jpg,714,368,76,154,330,27,Nanomia
fathomnet_data\Nanomia\images\Nanomia_17.jpg,720,366,121,54,448,222,Nanomia
fathomnet_data\Nanomia\images\Nanomia_18.jpg,720,368,184,208,280,2,Nanomia
fathomnet_data\Nanomia\images\Nanomia_19.jpg,720,368,62,21,675,155,Nanomia
fathomnet_data\Nanomia\images\Nanomia_20.jpg,715,368,18,14,408,323,Nanomia
fathomnet_data\Nanomia\images\Nanomia_21.jpg,720,366,60,25,510,279,Nanomia
fathomnet_data\Nanomia\images\Nanomia_22.jpg,1920,1079,26,26,639,533,Nanomia
fathomnet_data\Nanomia\images\Nanomia_23.jpg,1920,1080,144,89,1390,909,Nanomia
fathomnet_data\Nanomia\images\Nanomia_24.jpg,1920,1080,756,148,750,129,Nanomia
fathomnet_data\Nanomia\images\Nanomia_25.jpg,720,366,68,14,299,281,Nanomia
fathomnet_data\Nanomia\images\Nanomia_26.jpg,1920,1080,25,16,993,582,Nanomia
fathomnet_data\Nanomia\images\Nanomia_27.jpg,1920,1080,53,47,1347,690,Nanomia
fathomnet_data\Nanomia\images\Nanomia_28.jpg,1920,1080,84,19,750,347,Nanomia
fathomnet_data\Nanomia\images\Nanomia_29.jpg,1920,1080,74,22,286,654,Nanomia
fathomnet_data\Nanomia\images\Nanomia_30.jpg,1920,1080,56,36,180,266,Nanomia
fathomnet_data\Nanomia\images\Nanomia_31.jpg,1920,1080,120,143,315,190,Nanomia
fathomnet_data\Nanomia\images\Nanomia_32.jpg,1920,1080,163,79,1837,912,Nanomia
